[{"pos_x": 18.3, "pos_y": 1.0, "rotation": 0.0, "side": "top", "designator": "J1", "mpn": null, "pack": "PinSocket_2x10_P2.54mm_Vertical", "value": "1-10", "mount_type": "tht", "place": true}, {"pos_x": -11.4, "pos_y": 13.9, "rotation": 90.0, "side": "top", "designator": "C1", "mpn": null, "pack": "C_Disc_D3.0mm_W2.0mm_P2.50mm", "value": "0.1uF", "mount_type": "tht", "place": true}, {"pos_x": 7.66, "pos_y": 22.8, "rotation": 0.0, "side": "top", "designator": "D1", "mpn": null, "pack": "LED_D3.0mm", "value": "Heartbeat", "mount_type": "tht", "place": true}, {"pos_x": 7.7, "pos_y": 30.4, "rotation": 0.0, "side": "top", "designator": "R3", "mpn": null, "pack": "R_Axial_DIN0207_L6.3mm_D2.5mm_P10.16mm_Horizontal", "value": "300", "mount_type": "tht", "place": true}, {"pos_x": -12.6, "pos_y": 6.9, "rotation": 0.0, "side": "top", "designator": "C2", "mpn": null, "pack": "CP_Radial_D5.0mm_P2.50mm", "value": "10uF", "mount_type": "tht", "place": true}, {"pos_x": -32.35, "pos_y": -13.95, "rotation": 0.0, "side": "top", "designator": "SW1", "mpn": null, "pack": "SW_PUSH_6mm", "value": "Reset Arduino", "mount_type": "tht", "place": true}, {"pos_x": 36.0, "pos_y": -26.1, "rotation": 0.0, "side": "top", "designator": "H3", "mpn": null, "pack": "MountingHole_2.7mm_M2.5", "value": "MountingHole", "mount_type": "tht", "place": true}, {"pos_x": 15.1, "pos_y": 22.8, "rotation": 0.0, "side": "top", "designator": "D2", "mpn": null, "pack": "LED_D3.0mm", "value": "Error", "mount_type": "tht", "place": true}, {"pos_x": -19.6, "pos_y": 30.4, "rotation": 0.0, "side": "top", "designator": "R1", "mpn": null, "pack": "R_Axial_DIN0207_L6.3mm_D2.5mm_P10.16mm_Horizontal", "value": "300", "mount_type": "tht", "place": true}, {"pos_x": -36.0, "pos_y": -26.1, "rotation": 0.0, "side": "top", "designator": "H2", "mpn": null, "pack": "MountingHole_2.7mm_M2.5", "value": "MountingHole", "mount_type": "tht", "place": true}, {"pos_x": 22.34, "pos_y": 22.8, "rotation": 0.0, "side": "top", "designator": "D3", "mpn": null, "pack": "LED_D3.0mm", "value": "Program", "mount_type": "tht", "place": true}, {"pos_x": 30.4, "pos_y": 1.0, "rotation": 0.0, "side": "top", "designator": "J2", "mpn": null, "pack": "PinSocket_2x10_P2.54mm_Vertical", "value": "11-20", "mount_type": "tht", "place": true}, {"pos_x": -20.45, "pos_y": -13.95, "rotation": 0.0, "side": "top", "designator": "SW2", "mpn": null, "pack": "SW_PUSH_6mm", "value": "Reset Chip", "mount_type": "tht", "place": true}, {"pos_x": -20.8, "pos_y": -25.8, "rotation": 0.0, "side": "top", "designator": "G***", "mpn": null, "pack": "logo", "value": "LOGO", "mount_type": "tht", "place": false}, {"pos_x": -5.96, "pos_y": 30.4, "rotation": 0.0, "side": "top", "designator": "R2", "mpn": null, "pack": "R_Axial_DIN0207_L6.3mm_D2.5mm_P10.16mm_Horizontal", "value": "300", "mount_type": "tht", "place": true}, {"pos_x": 0.19, "pos_y": -7.13, "rotation": -90.0, "side": "top", "designator": "U2", "mpn": null, "pack": "220-3342", "value": "220-3345", "mount_type": "tht", "place": true}, {"pos_x": 36.0, "pos_y": 30.9, "rotation": 0.0, "side": "top", "designator": "H4", "mpn": null, "pack": "MountingHole_2.7mm_M2.5", "value": "MountingHole", "mount_type": "tht", "place": true}, {"pos_x": 19.2, "pos_y": 9.2, "rotation": 90.0, "side": "top", "designator": "J3", "mpn": null, "pack": "PinHeader_2x03_P2.54mm_Vertical", "value": "ICSP Out", "mount_type": "tht", "place": true}, {"pos_x": 31.1, "pos_y": 10.6, "rotation": 0.0, "side": "top", "designator": "J4", "mpn": null, "pack": "PinHeader_1x01_P2.54mm_Vertical", "value": "Test", "mount_type": "tht", "place": true}, {"pos_x": 29.6, "pos_y": 22.8, "rotation": 0.0, "side": "top", "designator": "D4", "mpn": null, "pack": "LED_D3.0mm", "value": "Test", "mount_type": "tht", "place": true}, {"pos_x": 21.4, "pos_y": 30.4, "rotation": 0.0, "side": "top", "designator": "R4", "mpn": null, "pack": "R_Axial_DIN0207_L6.3mm_D2.5mm_P10.16mm_Horizontal", "value": "300", "mount_type": "tht", "place": true}, {"pos_x": -17.0, "pos_y": -7.84, "rotation": 180.0, "side": "top", "designator": "U1", "mpn": null, "pack": "Sparkfun_Pro_Micro", "value": "Pro Micro", "mount_type": "tht", "place": true}, {"pos_x": -36.0, "pos_y": 30.9, "rotation": 0.0, "side": "top", "designator": "H1", "mpn": null, "pack": "MountingHole_2.7mm_M2.5", "value": "MountingHole", "mount_type": "tht", "place": true}]